<Collection name="Flash Banner" guid="{007976B2-6BCA-4B9D-A2CE-B7D70ED0D239}" system="No">
	<Help>&lt;p&gt;The Flash Banner creates a dynamic Flash-driven banner that animates between a series of images. Headlines for the images fly in from the site and the images are clickable.&amp;nbsp;&lt;/p&gt;&lt;p&gt;To use the Flash Banner, install it from the Add-on Manager. Like all add-ons, it creates a folder in Manage Add-ons. You add images to the Flash Images table, then drop the Flash Banner add-on on any page. You have to set the width and height -- and the images rotate when you display the page.&lt;br&gt;&lt;/p&gt;</Help>
	<Addon name="Flash Banner" guid="{FD351C22-621D-44BA-86CB-004B866A20DE}" type="Add-on">
		<Copy></Copy>
		<CopyText></CopyText>
		<ActiveXProgramID><![CDATA[aoFlashBanner.bannerClass]]></ActiveXProgramID>
		<DotNetClass></DotNetClass>
		<ArgumentList><![CDATA[Banner Width=600
Banner Height=400]]></ArgumentList>
		<AsAjax>No</AsAjax>
		<Filter>No</Filter>
		<Help></Help>
		<HelpLink></HelpLink>
		<Icon Link="" width="0" height="0" sprites="0" />
		<InIframe>No</InIframe>
		<BlockEditTools>No</BlockEditTools>
		<FormXML></FormXML>
		<IsInline>No</IsInline>
		<JavascriptOnLoad></JavascriptOnLoad>
		<JavascriptInHead></JavascriptInHead>
		<JavascriptBodyEnd></JavascriptBodyEnd>
		<MetaDescription></MetaDescription>
		<OtherHeadTags><![CDATA[<script type="text/javascript" src="swfobject.js"></script>
<script type="text/javascript">
		var flashvars = {};
		var params = {wmode: 'transparent'};
		var attributes = {};
		attributes.id = "photoBanner";
		swfobject.embedSWF("flashBanner.swf", "flashBanner", "100%", "100%", "9.0.0", false, flashvars, params, attributes);
</script>
			]]></OtherHeadTags>
		<Content>Yes</Content>
		<Template>No</Template>
		<Admin>Yes</Admin>
		<OnPageEndEvent>No</OnPageEndEvent>
		<OnPageStartEvent>No</OnPageStartEvent>
		<OnBodyStart>No</OnBodyStart>
		<OnBodyEnd>No</OnBodyEnd>
		<RemoteMethod>No</RemoteMethod>
		<ProcessRunOnce>No</ProcessRunOnce>
		<ProcessInterval>0</ProcessInterval>
		<PageTitle></PageTitle>
		<RemoteAssetLink></RemoteAssetLink>
		<Styles></Styles>
		<Scripting Language="" EntryPoint="" Timeout="5000"/>
	</Addon>
	<Addon name="flash.xml" guid="{25AE19B8-688C-427C-B194-10D233578382}" type="Add-on">
		<Copy></Copy>
		<CopyText></CopyText>
		<ActiveXProgramID><![CDATA[aoFlashBanner.responseClass]]></ActiveXProgramID>
		<DotNetClass></DotNetClass>
		<ArgumentList></ArgumentList>
		<AsAjax>No</AsAjax>
		<Filter>No</Filter>
		<Help></Help>
		<HelpLink></HelpLink>
		<Icon Link="" width="0" height="0" sprites="0" />
		<InIframe>No</InIframe>
		<BlockEditTools>No</BlockEditTools>
		<FormXML></FormXML>
		<IsInline>No</IsInline>
		<JavascriptOnLoad></JavascriptOnLoad>
		<JavascriptInHead></JavascriptInHead>
		<JavascriptBodyEnd></JavascriptBodyEnd>
		<MetaDescription></MetaDescription>
		<OtherHeadTags></OtherHeadTags>
		<Content>No</Content>
		<Template>No</Template>
		<Admin>No</Admin>
		<OnPageEndEvent>No</OnPageEndEvent>
		<OnPageStartEvent>No</OnPageStartEvent>
		<OnBodyStart>No</OnBodyStart>
		<OnBodyEnd>No</OnBodyEnd>
		<RemoteMethod>Yes</RemoteMethod>
		<ProcessRunOnce>No</ProcessRunOnce>
		<ProcessInterval>0</ProcessInterval>
		<PageTitle></PageTitle>
		<RemoteAssetLink></RemoteAssetLink>
		<Styles></Styles>
		<Scripting Language="" EntryPoint="" Timeout="5000"/>
	</Addon>
	<CDef Name="Flash Banners" Active="1" AdminOnly="0" AllowAdd="1" AllowCalendarEvents="0" AllowContentChildTool="0" AllowContentTracking="0" AllowDelete="1" AllowMetaContent="0" AllowTopicRules="0" AllowWorkflowAuthoring="0" AuthoringDataSourceName="Default" AuthoringTableName="FlashContent" ContentDataSourceName="Default" ContentTableName="FlashContent" DefaultSortMethod="By Name" DeveloperOnly="0" DropDownFieldList="Name" EditorGroupName="" Parent="" guid="" isbasecontent="1" ></CDef>
	<Resource name="flashbanner.swf" type="www" path="" />
	<Resource name="swfobject.js" type="www" path="" />
	<Resource name="aoflashbanner.dll" type="executable" path="" />
</Collection>